id,Row,Column,Occupied,Scanned,SessionID_id,Qr_String,CustomerID_id
1744,A,4,0,0,12,,NULL
1745,A,5,0,0,12,NULL,NULL
1746,A,6,0,0,12,NULL,NULL
1747,A,7,0,0,12,NULL,NULL
1748,A,8,0,0,12,NULL,NULL
1749,A,9,0,0,12,NULL,NULL
1750,A,10,0,0,12,NULL,NULL
1751,A,11,0,0,12,NULL,NULL
1752,A,12,0,0,12,NULL,NULL
1753,A,13,0,0,12,NULL,NULL
1754,A,14,0,0,12,NULL,NULL
1755,A,15,0,0,12,NULL,NULL
1756,A,16,0,0,12,NULL,NULL
1757,A,17,0,0,12,NULL,NULL
1758,B,1,0,0,12,,NULL
1759,B,2,0,0,12,NULL,NULL
1760,B,3,0,0,12,NULL,NULL
1761,B,4,0,0,12,NULL,NULL
1762,B,5,0,0,12,,NULL
1763,B,6,0,0,12,,NULL
1764,B,7,0,0,12,,NULL
1765,B,8,0,0,12,,NULL
1766,B,9,0,0,12,NULL,NULL
1767,B,10,0,0,12,NULL,NULL
1768,B,11,0,0,12,NULL,NULL
1769,B,12,0,0,12,NULL,NULL
1770,B,13,1,0,12,8d74da25-98af-5fae-abda-b286f5a947a7,2738
1771,B,14,0,0,12,,NULL
1772,B,15,0,0,12,,NULL
1773,B,16,0,0,12,,NULL
1774,B,17,0,0,12,NULL,NULL
1775,B,18,1,0,12,9d3a17e2-3811-5a81-9714-7106a75146ef,251
1776,B,19,0,0,12,NULL,NULL
1777,B,20,0,0,12,,NULL
1778,B,21,0,0,12,,NULL
1779,B,22,0,0,12,NULL,NULL
1780,B,23,0,0,12,NULL,NULL
1781,C,1,0,0,12,,NULL
1782,C,2,0,0,12,,NULL
1783,C,3,0,0,12,,NULL
1784,C,4,0,0,12,,NULL
1785,C,5,0,0,12,,NULL
1786,C,6,0,0,12,,NULL
1787,C,7,0,0,12,,NULL
1788,C,8,0,0,12,NULL,NULL
1789,C,9,0,0,12,,NULL
1790,C,10,0,0,12,,NULL
1791,C,11,0,0,12,,NULL
1792,C,12,0,0,12,,NULL
1793,C,13,0,0,12,,NULL
1794,C,14,0,0,12,,NULL
1795,C,15,0,0,12,NULL,NULL
1796,C,16,0,0,12,,NULL
1797,C,17,0,0,12,,NULL
1798,C,18,0,0,12,,NULL
1799,C,19,0,0,12,,NULL
1800,C,20,0,0,12,NULL,NULL
1801,C,21,0,0,12,,NULL
1802,C,22,0,0,12,,NULL
1803,C,23,0,0,12,,NULL
1804,C,24,0,0,12,,NULL
1805,C,25,0,0,12,,NULL
1806,C,26,0,0,12,,NULL
1807,C,27,0,0,12,,NULL
1808,D,1,0,0,12,,NULL
1809,D,2,0,0,12,,NULL
1810,D,3,0,0,12,,NULL
1811,D,4,0,0,12,,NULL
1812,D,5,0,0,12,,NULL
1813,D,6,0,0,12,,NULL
1814,D,7,0,0,12,,NULL
1815,D,8,0,0,12,,NULL
1816,D,9,0,0,12,,NULL
1817,D,10,0,0,12,,NULL
1818,D,11,0,0,12,,NULL
1819,D,12,0,0,12,,NULL
1820,D,13,0,0,12,,NULL
1821,D,14,0,0,12,,NULL
1822,D,15,0,0,12,,NULL
1823,D,16,1,0,12,d87ec98b-7c79-561b-81b1-22b25c1043f7,120
1824,D,17,0,0,12,,NULL
1825,D,18,0,0,12,,NULL
1826,D,19,0,0,12,,NULL
1827,D,20,0,0,12,,NULL
1828,D,21,0,0,12,,NULL
1829,D,22,0,0,12,,NULL
1830,D,23,0,0,12,,NULL
1831,D,24,0,0,12,,NULL
1832,D,25,0,0,12,,NULL
1833,D,26,0,0,12,,NULL
1834,D,27,0,0,12,,NULL
1835,D,28,0,0,12,,NULL
1836,D,29,0,0,12,,NULL
1837,D,30,0,0,12,,NULL
1838,E,1,0,0,12,,NULL
1839,E,2,0,0,12,,NULL
1840,E,3,0,0,12,,NULL
1841,E,4,0,0,12,,NULL
1842,E,5,0,0,12,,NULL
1843,E,6,0,0,12,,NULL
1844,E,7,0,0,12,,NULL
1845,E,8,0,0,12,,NULL
1846,E,9,0,0,12,,NULL
1847,E,10,0,0,12,,NULL
1848,E,11,0,0,12,,NULL
1849,E,12,0,0,12,,NULL
1850,E,13,0,0,12,,NULL
1851,E,14,1,1,12,84989543-7423-5e83-90f5-a6de8c192035,166
1852,E,15,1,1,12,9e87a98d-22e2-5c08-b0dd-c040a430b4fb,210
1853,E,16,0,0,12,,NULL
1854,E,17,0,0,12,,NULL
1855,E,18,0,0,12,,NULL
1856,E,19,0,0,12,,NULL
1857,E,20,0,0,12,,NULL
1858,E,21,0,0,12,,NULL
1859,E,22,0,0,12,,NULL
1860,E,23,0,0,12,,NULL
1861,E,24,0,0,12,,NULL
1862,E,25,0,0,12,,NULL
1863,E,26,0,0,12,,NULL
1864,E,27,0,0,12,,NULL
1865,E,28,0,0,12,,NULL
1866,F,7,1,0,12,0b53aa6c-6739-5241-b0ae-43a86589628a,2738
1867,F,8,1,0,12,c3f33f22-6081-5d0f-873d-79499d349dbf,2738
1868,F,9,1,1,12,4c8906f2-2fb8-5da8-bb71-0d238e73fabd,782
1869,F,10,1,1,12,579da4ce-a89a-500a-9d4c-0264260d0a12,782
1870,F,11,1,0,12,1b731491-ecbe-5b6d-be86-4b808ba3e0d5,782
1871,F,12,1,1,12,22ea5352-22db-5264-90df-fc27617ad326,269
1872,F,13,1,1,12,37c377da-ded5-5ef5-a109-615483674048,269
1873,F,14,1,1,12,220aeef5-0add-5dc5-b41c-afa13b06a492,269
1874,F,15,1,1,12,45a47f96-9647-5a83-931e-dfcf022c1c81,269
1875,F,16,1,1,12,22889d77-c343-54f7-9b87-a5e34ad53397,269
1876,F,17,1,1,12,e4020cdc-39c3-534a-8e44-a77c648d0448,269
1877,F,18,1,1,12,d260571d-9efa-5ffa-b619-87350a1c6248,105
1878,F,19,1,1,12,7007d8cb-ff79-50fb-b657-2a98e7457d01,2625
1879,F,20,1,1,12,314a83f8-671d-5a60-af13-16d72d2da8e6,2396
1880,G,1,0,0,12,,NULL
1881,G,2,0,0,12,,NULL
1882,G,3,0,0,12,,NULL
1883,G,4,0,0,12,,NULL
1884,G,5,0,0,12,,NULL
1885,G,6,0,0,12,,NULL
1886,G,7,0,0,12,,NULL
1887,G,8,0,0,12,,NULL
1888,G,9,0,0,12,,NULL
1889,G,10,1,0,12,a4199c71-8b50-556f-9613-577563aa0cd8,138
1890,G,11,1,0,12,c2109a67-bc00-59e4-ac00-9dc9aed3ded4,138
1891,G,12,1,0,12,3bfbfd7a-a772-5b26-846a-b0222c3c546b,138
1892,G,13,1,0,12,4f975e2c-af01-5ceb-b190-a1d3c38d44f2,138
1893,G,14,1,0,12,d5d60fad-db0a-5b05-be7e-1dfccf02c6a3,15
1894,G,15,1,0,12,0542c70d-b787-59e3-8ac5-e2b906def940,15
1895,G,16,1,1,12,8f088dcc-6df4-5884-acc1-c07cd7841932,532
1896,G,17,1,1,12,8bdd8923-7d9b-538f-81d9-ca0d6f5c61fa,532
1897,G,18,0,0,12,,NULL
1898,G,19,1,1,12,d8873554-7c9c-5357-b589-825931e8f5b5,2427
1899,G,20,1,1,12,0912085b-700a-5e01-b9b9-bd9f3034eb2a,2427
1900,G,21,0,0,12,,NULL
1901,G,22,0,0,12,,NULL
1902,G,23,0,0,12,,NULL
1903,G,24,0,0,12,,NULL
1904,G,25,0,0,12,,NULL
1905,G,26,0,0,12,,NULL
1906,H,1,0,0,12,,NULL
1907,H,2,0,0,12,,NULL
1908,H,3,0,0,12,,NULL
1909,H,4,0,0,12,,NULL
1910,H,5,0,0,12,,NULL
1911,H,6,0,0,12,,NULL
1912,H,7,0,0,12,,NULL
1913,H,8,0,0,12,,NULL
1914,H,9,0,0,12,,NULL
1915,H,10,0,0,12,,NULL
1916,H,11,0,0,12,,NULL
1917,H,12,0,0,12,,NULL
1918,H,13,0,0,12,,NULL
1919,H,14,0,0,12,,NULL
1920,H,15,1,1,12,821f8d78-18cb-5619-b866-bbb450d73586,507
1921,H,16,1,1,12,07a20df3-350c-568d-bb2d-2ecd0debfaf6,507
1922,H,17,1,1,12,9da0cb5a-0cf7-56cc-8323-2e3512ffc1e0,507
1923,H,18,0,0,12,,NULL
1924,H,19,0,0,12,,NULL
1925,H,20,0,0,12,,NULL
1926,H,21,0,0,12,,NULL
1927,H,22,0,0,12,,NULL
1928,H,23,0,0,12,,NULL
1929,H,24,0,0,12,,NULL
1930,H,25,0,0,12,,NULL
1931,H,26,0,0,12,,NULL
1932,H,27,0,0,12,,NULL
1933,H,28,0,0,12,,NULL
1934,H,29,0,0,12,,NULL
1935,I,1,0,0,12,,NULL
1936,I,2,0,0,12,,NULL
1937,I,3,0,0,12,,NULL
1938,I,4,0,0,12,,NULL
1939,I,5,0,0,12,,NULL
1940,I,6,0,0,12,,NULL
1941,I,7,0,0,12,,NULL
1942,I,8,0,0,12,,NULL
1943,I,9,0,0,12,,NULL
1944,I,10,0,0,12,,NULL
1945,I,11,0,0,12,,NULL
1946,I,12,0,0,12,,NULL
1947,I,13,0,0,12,,NULL
1948,I,14,0,0,12,,NULL
1949,I,15,0,0,12,,NULL
1950,I,16,0,0,12,,NULL
1951,I,17,1,1,12,253842c7-8c32-50e4-bfbb-19e6faa288a0,388
1952,I,18,0,0,12,,NULL
1953,I,19,0,0,12,,NULL
1954,I,20,0,0,12,,NULL
1955,I,21,0,0,12,,NULL
1956,I,22,0,0,12,,NULL
1957,I,23,0,0,12,,NULL
1958,I,24,0,0,12,,NULL
1959,I,25,0,0,12,,NULL
1960,I,26,0,0,12,,NULL
1961,I,27,0,0,12,,NULL
1962,I,28,0,0,12,,NULL
1963,I,29,0,0,12,,NULL
1964,J,1,0,0,12,,NULL
1965,J,2,0,0,12,,NULL
1966,J,3,0,0,12,,NULL
1967,J,4,0,0,12,,NULL
1968,J,5,0,0,12,,NULL
1969,J,6,0,0,12,,NULL
1970,J,7,1,1,12,1425401f-1845-5384-aeaa-2b4a4b34c5f0,400
1971,J,8,0,0,12,,NULL
1972,J,9,0,0,12,,NULL
1973,J,10,0,0,12,,NULL
1974,J,11,0,0,12,,NULL
1975,J,12,0,0,12,,NULL
1976,J,13,0,0,12,,NULL
1977,J,14,1,1,12,1e5dba6e-7155-50bc-bc08-a07ea294c042,545
1978,J,15,1,1,12,951a8b92-f404-59f8-b64c-6c2f980e118b,545
1979,J,16,1,1,12,45cf1761-04ce-5222-8ed1-cef900022bea,545
1980,J,17,1,1,12,ffabdcaf-4cea-58e6-a49c-35f79f7d1895,545
1981,J,18,1,1,12,7493bc50-533e-5b80-84e2-ecef272281be,545
1982,J,19,0,0,12,,NULL
1983,J,20,0,0,12,,NULL
1984,J,21,0,0,12,,NULL
1985,J,22,0,0,12,,NULL
1986,J,23,0,0,12,,NULL
1987,J,24,0,0,12,,NULL
1988,J,25,0,0,12,,NULL
1989,J,26,0,0,12,,NULL
1990,J,27,0,0,12,,NULL
1991,J,28,0,0,12,,NULL
1992,K,1,0,0,12,,NULL
1993,K,2,0,0,12,,NULL
1994,K,3,0,0,12,,NULL
1995,K,4,0,0,12,,NULL
1996,K,5,0,0,12,,NULL
1997,K,6,0,0,12,,NULL
1998,K,7,0,0,12,,NULL
1999,K,8,0,0,12,,NULL
2000,K,9,0,0,12,,NULL
2001,K,10,0,0,12,,NULL
2002,K,11,0,0,12,,NULL
2003,K,12,0,0,12,,NULL
2004,K,13,0,0,12,,NULL
2005,K,14,0,0,12,,NULL
2006,K,15,0,0,12,,NULL
2007,K,16,0,0,12,NULL,NULL
2008,K,17,0,0,12,,NULL
2009,K,18,0,0,12,,NULL
2010,K,19,0,0,12,,NULL
2011,K,20,0,0,12,,NULL
2012,K,21,0,0,12,,NULL
2013,K,22,0,0,12,,NULL
2014,K,23,0,0,12,,NULL
2015,K,24,0,0,12,,NULL
2016,K,25,0,0,12,,NULL
2017,K,26,0,0,12,,NULL
2018,K,27,0,0,12,,NULL
2019,K,28,0,0,12,,NULL
2020,L,1,0,0,12,,NULL
2021,L,2,0,0,12,,NULL
2022,L,3,0,0,12,,NULL
2023,L,4,0,0,12,,NULL
2024,L,5,0,0,12,,NULL
2025,L,6,0,0,12,,NULL
2026,L,7,0,0,12,,NULL
2027,L,8,0,0,12,,NULL
2028,L,9,0,0,12,,NULL
2029,L,10,0,0,12,,NULL
2030,L,11,0,0,12,,NULL
2031,L,12,0,0,12,,NULL
2032,L,13,0,0,12,,NULL
2033,L,14,0,0,12,,NULL
2034,L,15,0,0,12,,NULL
2035,L,16,0,0,12,,NULL
2036,L,17,0,0,12,,NULL
2037,L,18,0,0,12,,NULL
2038,L,19,0,0,12,,NULL
2039,L,20,0,0,12,,NULL
2040,L,21,0,0,12,,NULL
2041,L,22,0,0,12,,NULL
2042,L,23,0,0,12,,NULL
2043,L,24,0,0,12,,NULL
2044,L,25,0,0,12,,NULL
2045,L,26,0,0,12,,NULL
2046,L,27,0,0,12,,NULL
2047,L,28,0,0,12,,NULL
2048,M,1,0,0,12,,NULL
2049,M,2,0,0,12,,NULL
2050,M,3,0,0,12,,NULL
2051,M,4,0,0,12,,NULL
2052,M,5,0,0,12,,NULL
2053,M,6,0,0,12,,NULL
2054,M,7,1,0,12,46ba0cc3-aab8-5b8c-892b-5d03812ef4b2,2738
2055,M,8,0,0,12,,NULL
2056,M,9,0,0,12,,NULL
2057,M,10,0,0,12,,NULL
2058,M,11,0,0,12,,NULL
2059,M,12,0,0,12,,NULL
2060,M,13,0,0,12,,NULL
2061,M,14,0,0,12,,NULL
2062,M,15,0,0,12,NULL,NULL
2063,M,16,0,0,12,NULL,NULL
2064,M,17,0,0,12,NULL,NULL
2065,M,18,0,0,12,,NULL
2066,M,19,0,0,12,,NULL
2067,M,20,0,0,12,,NULL
2068,M,21,0,0,12,,NULL
2069,M,22,0,0,12,,NULL
2070,M,23,0,0,12,,NULL
2071,M,24,0,0,12,,NULL
2072,M,25,0,0,12,,NULL
2073,M,26,0,0,12,,NULL
2074,M,27,0,0,12,,NULL
2075,M,28,0,0,12,,NULL
2076,N,1,0,0,12,,NULL
2077,N,2,0,0,12,,NULL
2078,N,3,0,0,12,,NULL
2079,N,4,0,0,12,,NULL
2080,N,5,0,0,12,,NULL
2081,N,6,0,0,12,,NULL
2082,N,23,0,0,12,,NULL
2083,N,24,0,0,12,,NULL
2084,N,25,0,0,12,,NULL
2085,N,26,0,0,12,,NULL
2086,N,27,0,0,12,,NULL
2087,N,28,1,0,12,bf94e199-1d93-58b1-afee-d17743f3a660,2738
2088,A,4,1,0,13,e59434f2-7fc4-5501-8b44-0653c6b9968d,349
2089,A,5,1,0,13,570233a8-44c0-50d2-8ec3-3ad3b172d448,349
2090,A,6,1,0,13,efe23b58-6c3f-5ee0-8d14-18abf8c25572,349
2091,A,7,1,0,13,2b020dbd-49e8-52ea-9511-bc5e8397b850,349
2092,A,8,0,0,13,NULL,NULL
2093,A,9,0,0,13,NULL,NULL
2094,A,10,0,0,13,NULL,NULL
2095,A,11,0,0,13,NULL,NULL
2096,A,12,0,0,13,NULL,NULL
2097,A,13,0,0,13,NULL,NULL
2098,A,14,0,0,13,NULL,NULL
2099,A,15,1,0,13,361b3b35-715c-5193-9714-fd13fc7b2394,251
2100,A,16,1,0,13,88b44e8f-e7ea-5e7c-acd8-30cece7915d3,251
2101,A,17,1,0,13,69dd4ccb-023f-5fbd-b4d7-16c3688c4f41,251
2102,B,1,0,0,13,,NULL
2103,B,2,0,0,13,,NULL
2104,B,3,0,0,13,,NULL
2105,B,4,0,0,13,,NULL
2106,B,5,1,0,13,0acfdd78-2a62-53e1-9d27-f7fb30e161d5,349
2107,B,6,1,0,13,b0da80cc-37dd-5553-893f-b4e3a65e8048,349
2108,B,7,1,0,13,6a49be33-47ad-5e96-9d4b-212bcfc39993,349
2109,B,8,1,0,13,6223233c-9683-5db2-878e-91688323a041,349
2110,B,9,1,0,13,b9041894-516d-5a47-82ee-202cb8ffbbd4,349
2111,B,10,1,0,13,92828616-cc7a-51ad-a508-1ea0d0dc23bf,251
2112,B,11,1,0,13,1b561621-5037-5662-8dc5-cb968c58f398,251
2113,B,12,1,0,13,da29deb7-7022-5ddb-a18d-f8795ad9a0fd,251
2114,B,13,1,0,13,94203350-1fa4-59d0-b480-a0fbe6a6ba7a,251
2115,B,14,1,0,13,bfd3697d-2a58-588d-a7a6-d55192789554,251
2116,B,15,1,0,13,d496b456-e890-5fde-b45a-ecb8e3df4764,251
2117,B,16,1,0,13,beb7d7da-037b-5fa7-90dd-1a3275fd0550,251
2118,B,17,1,0,13,5430bc69-75c1-5563-9e18-da99119a0766,251
2119,B,18,1,0,13,661bb7f9-f7a0-5b67-b5d8-cf4c27a48e0c,251
2120,B,19,1,0,13,387f5b19-857b-5817-ab96-2f4f8bfefba5,251
2121,B,20,0,0,13,,NULL
2122,B,21,0,0,13,,NULL
2123,B,22,1,1,13,fa76741c-8a27-5e50-9e3c-4b053a5590f8,280
2124,B,23,1,1,13,00e65c36-509d-56ba-b37f-5ab74f6c4847,280
2125,C,1,0,0,13,,NULL
2126,C,2,0,0,13,,NULL
2127,C,3,0,0,13,,NULL
2128,C,4,0,0,13,,NULL
2129,C,5,0,0,13,,NULL
2130,C,6,0,0,13,,NULL
2131,C,7,1,0,13,b44e5b6e-c18a-5106-967e-93aab79822fe,2738
2132,C,8,1,0,13,b7e8b44a-c138-5d86-9274-4c5d8193e705,2738
2133,C,9,0,0,13,,NULL
2134,C,10,0,0,13,,NULL
2135,C,11,1,0,13,0233bb3f-5842-52f7-a79f-2d26e96c766d,349
2136,C,12,0,0,13,,NULL
2137,C,13,0,0,13,,NULL
2138,C,14,1,0,13,d4e04da2-84ce-55ad-88f1-37e974198427,355
2139,C,15,1,0,13,60101311-ab61-5abb-9c7f-15be0ec6b0c0,212
2140,C,16,1,0,13,e2a371a7-aa0a-58c5-9f42-c18f2ffd1aef,2738
2141,C,17,1,0,13,c8e3b181-3986-5508-9964-8c68b1f04e74,2738
2142,C,18,1,0,13,abd8e1d1-ea81-5a7c-aa21-13f9831ea1c9,251
2143,C,19,1,0,13,1ae21b77-e92e-5724-9db7-38115b4c4244,251
2144,C,20,1,0,13,57b18174-4f5f-5a29-8173-81389bd981c3,251
2145,C,21,1,0,13,fc0122a7-177f-5c04-b4c4-7b4bbf16cc91,251
2146,C,22,0,0,13,,NULL
2147,C,23,0,0,13,,NULL
2148,C,24,0,0,13,,NULL
2149,C,25,0,0,13,,NULL
2150,C,26,0,0,13,,NULL
2151,C,27,0,0,13,,NULL
2152,D,1,0,0,13,,NULL
2153,D,2,0,0,13,,NULL
2154,D,3,0,0,13,,NULL
2155,D,4,0,0,13,,NULL
2156,D,5,0,0,13,,NULL
2157,D,6,0,0,13,,NULL
2158,D,7,0,0,13,,NULL
2159,D,8,0,0,13,,NULL
2160,D,9,0,0,13,,NULL
2161,D,10,0,0,13,,NULL
2162,D,11,0,0,13,,NULL
2163,D,12,0,0,13,,NULL
2164,D,13,1,1,13,c27c6e53-4394-5725-b8bf-68c88ba8a020,329
2165,D,14,1,1,13,4b8de5e6-7996-5836-a404-cc239631eeb1,204
2166,D,15,1,1,13,c60be3ed-40c1-59a7-8860-35f848d1b0c5,51
2167,D,16,1,1,13,519391c9-7c1a-5080-b253-be5a286dbcc3,342
2168,D,17,1,1,13,9a29f2a4-718b-52d3-b811-602153a6392a,342
2169,D,18,1,0,13,bfddeda6-5d08-583e-ade4-ff64f6593ef0,2738
2170,D,19,1,0,13,2d5a04e8-87f2-59d5-bf88-520b0f3e0080,2738
2171,D,20,1,0,13,01557909-0592-5f8a-874a-905a3c5cce66,2738
2172,D,21,0,0,13,,NULL
2173,D,22,0,0,13,,NULL
2174,D,23,0,0,13,,NULL
2175,D,24,0,0,13,,NULL
2176,D,25,0,0,13,,NULL
2177,D,26,0,0,13,,NULL
2178,D,27,0,0,13,,NULL
2179,D,28,0,0,13,,NULL
2180,D,29,0,0,13,,NULL
2181,D,30,0,0,13,,NULL
2182,E,1,0,0,13,,NULL
2183,E,2,0,0,13,,NULL
2184,E,3,1,0,13,75205598-6ebd-59db-930a-d9a01aee9235,369
2185,E,4,0,0,13,,NULL
2186,E,5,0,0,13,,NULL
2187,E,6,0,0,13,,NULL
2188,E,7,0,0,13,,NULL
2189,E,8,0,0,13,,NULL
2190,E,9,0,0,13,,NULL
2191,E,10,0,0,13,,NULL
2192,E,11,1,1,13,3c3c1ee5-40bc-5160-ae56-bc9b17803232,401
2193,E,12,1,1,13,5e35383a-8404-5a2d-b0bd-b8ab8cc7ec06,401
2194,E,13,0,0,13,,NULL
2195,E,14,1,0,13,dc307aa6-308a-512e-9f96-6675ed2a8c6e,578
2196,E,15,1,0,13,00fbb434-2191-5cb3-a53e-0093c0ccff55,136
2197,E,16,1,0,13,17357655-a63e-5805-9f32-940dfdc04d09,136
2198,E,17,1,0,13,49fc33fc-9120-551a-83d3-e8a05c14993d,2644
2199,E,18,1,0,13,78b85a57-2b75-59fd-af3f-4e3bc8b66c0b,187
2200,E,19,1,0,13,71bc7633-63f6-5f76-912d-c6f616772a5a,187
2201,E,20,0,0,13,,NULL
2202,E,21,1,0,13,c4b85c66-6322-5624-8d14-5a9c901e4204,2738
2203,E,22,1,0,13,e77dfa6c-f0ad-50ac-9c08-b865be94f05e,2738
2204,E,23,0,0,13,,NULL
2205,E,24,1,0,13,cbe0ea5b-1558-5d6a-be6f-107c452724ac,575
2206,E,25,1,0,13,3174b595-1ef6-5151-99a4-0d077c9dc957,525
2207,E,26,1,0,13,92e323cc-9e18-5ea9-9ce9-3cc8a83a1f2b,290
2208,E,27,1,0,13,aeec8737-50d1-5aca-93f3-ff9f8955e873,593
2209,E,28,0,0,13,,NULL
2210,F,7,1,1,13,b2836804-a0cf-5cf6-afa4-aa1e9564fb42,2370
2211,F,8,1,1,13,b83ac286-02f1-51e5-a932-99e1171f3cac,255
2212,F,9,1,0,13,4c9a255a-4076-5915-8559-a155d2f97a16,2378
2213,F,10,1,0,13,c1a485e3-939a-5b11-917e-83a8f223c22e,2378
2214,F,11,1,0,13,b3b2c3f6-abec-52e2-959c-4cbf37267048,2378
2215,F,12,1,1,13,6f924e7e-cf51-57af-bc8f-dc8d408a9add,305
2216,F,13,1,1,13,fe8f6332-be16-5443-947a-bb3210d43e7c,357
2217,F,14,1,1,13,9203d931-9a70-565e-8161-0b81054bf80e,357
2218,F,15,1,1,13,389c9a4b-38b4-5cb1-aa62-a9a57ce4c929,2567
2219,F,16,1,1,13,9bc06755-f18e-5fbc-8fca-da9f06924f13,2567
2220,F,17,1,1,13,e3f67501-0be4-5d65-881b-d4a0a61e709c,2596
2221,F,18,1,1,13,f114c416-c588-52d1-88e6-161c4487185a,2576
2222,F,19,1,1,13,6d65069e-ff23-5b4f-aea5-647a6a10be3b,2350
2223,F,20,1,0,13,17d5e3ca-3f32-5eb4-9309-201bf8b91f11,2738
2224,G,1,0,0,13,,NULL
2225,G,2,0,0,13,,NULL
2226,G,3,0,0,13,,NULL
2227,G,4,0,0,13,,NULL
2228,G,5,0,0,13,,NULL
2229,G,6,0,0,13,NULL,NULL
2230,G,7,1,0,13,4ea429db-04ed-5615-ad16-ec5c58d02961,2738
2231,G,8,1,0,13,2becc168-a7e7-53d3-ab34-6740914da8ad,2738
2232,G,9,0,0,13,,NULL
2233,G,10,1,0,13,122edd96-c10f-5914-b2b6-1598b4761830,109
2234,G,11,1,0,13,127a001a-c1f0-5428-98bb-a22138aae741,113
2235,G,12,1,1,13,4aeb4bbb-aeb1-5990-bbfa-dee6674139fa,217
2236,G,13,1,1,13,d7c09c41-a2d5-501f-b69e-a811802663be,217
2237,G,14,1,1,13,077060d2-7d6a-5ee8-b2e4-53ca810de27c,251
2238,G,15,1,0,13,569e874b-adc9-523b-aa3b-2e0b321485e8,251
2239,G,16,1,0,13,82a4c2ef-d160-55b3-8cac-a180d39e383f,157
2240,G,17,1,1,13,5c1c1a10-2c8c-5407-a609-30fe1803e6ee,2738
2241,G,18,1,0,13,f96ef263-e289-551d-9926-76511cdc3771,269
2242,G,19,1,0,13,a552fd58-c467-5a2c-86d4-be6514f7fb28,269
2243,G,20,1,0,13,0632c010-f9f9-5262-9828-610025a33a94,269
2244,G,21,0,0,13,,NULL
2245,G,22,0,0,13,,NULL
2246,G,23,0,0,13,,NULL
2247,G,24,0,0,13,,NULL
2248,G,25,0,0,13,,NULL
2249,G,26,1,0,13,3fc3a074-fda8-5f51-a304-6b6abdcc0c51,416
2250,H,1,0,0,13,,NULL
2251,H,2,0,0,13,,NULL
2252,H,3,0,0,13,,NULL
2253,H,4,0,0,13,,NULL
2254,H,5,0,0,13,,NULL
2255,H,6,0,0,13,,NULL
2256,H,7,0,0,13,,NULL
2257,H,8,0,0,13,,NULL
2258,H,9,1,0,13,7f939865-081c-538c-be94-f550cec12540,407
2259,H,10,1,0,13,6fa91975-4e8e-5650-a483-a0953b6a2bf7,172
2260,H,11,1,0,13,af864868-3a16-53a4-824f-22bfa2bb463b,82
2261,H,12,1,0,13,c13a459f-34d3-5f7b-a693-81396ec5abd5,512
2262,H,13,1,0,13,6abb32aa-b534-5b83-845b-101149a26004,173
2263,H,14,1,0,13,3efc69cf-0299-5637-9349-127bbe04d97d,402
2264,H,15,1,0,13,17c7e502-d1df-5992-9dec-fd06f46b722c,238
2265,H,16,1,0,13,6e11f7b9-c77d-50e5-a5a4-e2af1d42ff35,238
2266,H,17,1,0,13,8c544cae-2241-53f4-9dc0-08f88806ca39,366
2267,H,18,1,0,13,d3380ebf-3f5f-5014-acda-33d5d59582ce,269
2268,H,19,1,0,13,f8cb5c54-bb31-55fb-9c0b-d5fa80281c6e,269
2269,H,20,1,0,13,8eadbd77-3183-5a6d-80be-ed92050062a1,269
2270,H,21,1,0,13,4f9baceb-3453-5b7d-a75c-bf93079bdc3e,269
2271,H,22,1,0,13,6dce6251-ec1a-56ca-8064-0579480e0719,269
2272,H,23,1,0,13,d06b8802-0f33-5aa8-82c6-f966b7212b97,2738
2273,H,24,1,0,13,1c363fc2-883f-5fda-94dc-ab5d53cbcf52,2738
2274,H,25,1,0,13,76fadba9-8c9e-583b-acf2-7921d6984d06,2738
2275,H,26,1,0,13,ab60a226-4a10-52f2-a2e9-accde8abce02,2738
2276,H,27,0,0,13,,NULL
2277,H,28,0,0,13,,NULL
2278,H,29,0,0,13,,NULL
2279,I,1,0,0,13,,NULL
2280,I,2,0,0,13,,NULL
2281,I,3,0,0,13,,NULL
2282,I,4,0,0,13,,NULL
2283,I,5,0,0,13,,NULL
2284,I,6,1,0,13,b596d527-1de1-5e47-ba2b-31be11cbbb16,2561
2285,I,7,0,0,13,,NULL
2286,I,8,0,0,13,,NULL
2287,I,9,0,0,13,,NULL
2288,I,10,1,1,13,b787c30f-4bd3-5bec-8284-6a3eb3c7836c,15
2289,I,11,1,1,13,a48a0349-141f-549f-8047-6decf29f28c8,15
2290,I,12,1,1,13,7e1ee6dc-7a24-556d-a42c-768cb5268a9d,15
2291,I,13,1,1,13,380310c5-45c2-5e8c-9414-f7abd5b8194b,15
2292,I,14,0,0,13,,NULL
2293,I,15,1,0,13,3197484e-9309-5b0c-a871-f064d73f9811,241
2294,I,16,1,0,13,4d498338-e562-56ff-8db0-0a043bcf95b4,313
2295,I,17,1,1,13,7b0dbc8e-2306-535e-917c-7f9f92952b78,313
2296,I,18,1,0,13,967b623c-e826-5ee9-9e17-354909e0a236,2738
2297,I,19,1,0,13,9ace19c6-446d-5be7-b8b2-32da937bded1,2738
2298,I,20,0,0,13,,NULL
2299,I,21,0,0,13,,NULL
2300,I,22,1,1,13,7fb6d0d5-06e2-51e5-9b80-a6d12d61371c,963
2301,I,23,0,0,13,,NULL
2302,I,24,0,0,13,,NULL
2303,I,25,0,0,13,,NULL
2304,I,26,0,0,13,,NULL
2305,I,27,0,0,13,,NULL
2306,I,28,0,0,13,,NULL
2307,I,29,0,0,13,,NULL
2308,J,1,0,0,13,,NULL
2309,J,2,0,0,13,,NULL
2310,J,3,0,0,13,,NULL
2311,J,4,0,0,13,,NULL
2312,J,5,0,0,13,,NULL
2313,J,6,0,0,13,,NULL
2314,J,7,1,1,13,dd991878-f18e-5611-855d-482b28ba685e,312
2315,J,8,1,1,13,9be230a6-0595-5015-aa87-21e25fe60ef5,384
2316,J,9,1,1,13,569c34bc-9d58-50b5-8888-57d8237af680,34
2317,J,10,1,1,13,00d36b25-37fe-5dfa-b6e5-bbc7708ff6cd,600
2318,J,11,0,0,13,,NULL
2319,J,12,1,1,13,b21c9566-6e0a-5c12-9011-26f784eca1c2,613
2320,J,13,1,1,13,7c3cc7cb-9841-5746-aac3-da6bc4cf45e1,315
2321,J,14,1,1,13,b499ca9b-66a8-5d41-8c72-08ca8e6e210c,328
2322,J,15,1,1,13,b5d7f6af-7674-50dd-8454-1c69618fe11e,328
2323,J,16,1,1,13,90a62127-6ce7-5f36-921d-8d85515d0518,361
2324,J,17,1,1,13,f574dfd8-a500-5ce4-8f78-008a2575c8ff,463
2325,J,18,1,1,13,53e4f7e5-5e66-51ea-af27-2649508fec6d,363
2326,J,19,0,0,13,,NULL
2327,J,20,1,1,13,3408dcb4-a6d2-551f-bc04-2b0d4e4ce6b2,2574
2328,J,21,1,0,13,24eb9d06-4416-5605-8822-e94d1d94a301,2574
2329,J,22,1,0,13,dd2d865f-689d-5fcc-9747-c2f7f4836098,2574
2330,J,23,0,0,13,,NULL
2331,J,24,0,0,13,,NULL
2332,J,25,0,0,13,,NULL
2333,J,26,0,0,13,,NULL
2334,J,27,0,0,13,,NULL
2335,J,28,0,0,13,,NULL
2336,K,1,0,0,13,,NULL
2337,K,2,0,0,13,,NULL
2338,K,3,0,0,13,,NULL
2339,K,4,0,0,13,,NULL
2340,K,5,0,0,13,,NULL
2341,K,6,0,0,13,,NULL
2342,K,7,0,0,13,,NULL
2343,K,8,0,0,13,,NULL
2344,K,9,0,0,13,,NULL
2345,K,10,0,0,13,,NULL
2346,K,11,1,1,13,cffe5426-f6a8-553b-bfbd-d8dbc4d67a48,13
2347,K,12,1,1,13,37b8a425-0592-5917-8c25-cb6e9389c3aa,59
2348,K,13,0,0,13,,NULL
2349,K,14,1,1,13,2a6df605-8072-5df6-9dda-14f636e31431,161
2350,K,15,1,1,13,c03dfa73-0d0e-58c7-b07a-984b272559ff,161
2351,K,16,1,1,13,57f384d4-f937-5f57-9963-bac141c11940,493
2352,K,17,1,1,13,dd3f631f-7974-5ca8-9e8f-11c86163509f,161
2353,K,18,1,0,13,6dc6f1d8-ec23-5411-8977-ced84bd3d0f8,599
2354,K,19,1,1,13,a026b7f0-11c3-51a5-bf73-058a52efcdde,577
2355,K,20,1,1,13,305ea2b7-313f-52c8-a65c-5f05dd9111db,310
2356,K,21,1,1,13,c868dc00-c556-5584-849c-b4ce8fa7805a,414
2357,K,22,1,1,13,4b88fcb8-982b-54a7-b925-a766f083bdc4,585
2358,K,23,0,0,13,,NULL
2359,K,24,0,0,13,,NULL
2360,K,25,0,0,13,,NULL
2361,K,26,0,0,13,,NULL
2362,K,27,0,0,13,,NULL
2363,K,28,0,0,13,,NULL
2364,L,1,0,0,13,,NULL
2365,L,2,0,0,13,,NULL
2366,L,3,0,0,13,,NULL
2367,L,4,0,0,13,,NULL
2368,L,5,0,0,13,,NULL
2369,L,6,0,0,13,,NULL
2370,L,7,1,1,13,3c4893bb-67e5-531f-a01a-25393f7d606a,704
2371,L,8,1,1,13,33d5b1d3-361b-5cbe-8766-99edb29fc322,212
2372,L,9,1,0,13,70e1b21c-5177-59ed-ae94-309499edb234,91
2373,L,10,0,0,13,,NULL
2374,L,11,0,0,13,,NULL
2375,L,12,0,0,13,,NULL
2376,L,13,0,0,13,,NULL
2377,L,14,0,0,13,,NULL
2378,L,15,0,0,13,,NULL
2379,L,16,0,0,13,,NULL
2380,L,17,0,0,13,,NULL
2381,L,18,0,0,13,,NULL
2382,L,19,0,0,13,,NULL
2383,L,20,0,0,13,,NULL
2384,L,21,0,0,13,,NULL
2385,L,22,0,0,13,,NULL
2386,L,23,0,0,13,,NULL
2387,L,24,0,0,13,,NULL
2388,L,25,0,0,13,,NULL
2389,L,26,0,0,13,,NULL
2390,L,27,0,0,13,,NULL
2391,L,28,0,0,13,NULL,NULL
2392,M,1,0,0,13,,NULL
2393,M,2,0,0,13,,NULL
2394,M,3,0,0,13,,NULL
2395,M,4,0,0,13,,NULL
2396,M,5,0,0,13,,NULL
2397,M,6,0,0,13,,NULL
2398,M,7,0,0,13,,NULL
2399,M,8,0,0,13,,NULL
2400,M,9,0,0,13,,NULL
2401,M,10,0,0,13,,NULL
2402,M,11,0,0,13,,NULL
2403,M,12,0,0,13,,NULL
2404,M,13,0,0,13,,NULL
2405,M,14,0,0,13,,NULL
2406,M,15,1,1,13,b5438804-b977-508e-815f-15dbe3313679,2496
2407,M,16,0,0,13,,NULL
2408,M,17,0,0,13,,NULL
2409,M,18,0,0,13,,NULL
2410,M,19,0,0,13,,NULL
2411,M,20,0,0,13,,NULL
2412,M,21,0,0,13,,NULL
2413,M,22,0,0,13,,NULL
2414,M,23,0,0,13,,NULL
2415,M,24,0,0,13,,NULL
2416,M,25,0,0,13,,NULL
2417,M,26,0,0,13,,NULL
2418,M,27,0,0,13,,NULL
2419,M,28,0,0,13,,NULL
2420,N,1,0,0,13,,NULL
2421,N,2,0,0,13,,NULL
2422,N,3,0,0,13,,NULL
2423,N,4,0,0,13,,NULL
2424,N,5,1,0,13,28f38897-7aa1-5e38-8d63-4c609cc520fd,2738
2425,N,6,1,0,13,7dc31773-571c-5fbd-9992-82e8abbf0c55,2738
2426,N,23,0,0,13,,NULL
2427,N,24,0,0,13,,NULL
2428,N,25,0,0,13,,NULL
2429,N,26,0,0,13,,NULL
2430,N,27,0,0,13,,NULL
2431,N,28,0,0,13,,NULL
2432,A,4,0,0,14,,NULL
2433,A,5,0,0,14,,NULL
2434,A,6,0,0,14,,NULL
2435,A,7,0,0,14,,NULL
2436,A,8,1,0,14,a37fe7be-78b8-522c-9d87-70b2ccaeeb13,251
2437,A,9,1,0,14,9e3dd09b-c6ea-5d32-a033-acd17009e63a,251
2438,A,10,1,0,14,5c3d1cdf-a32f-5e3f-9ee5-4d0b099f3c0a,251
2439,A,11,1,0,14,f553e302-50f0-56a9-8ac9-6d2d203368b4,251
2440,A,12,1,0,14,8f450ad4-e6de-5fbf-be24-c678c2608504,251
2441,A,13,1,0,14,eafdcdec-ee0e-56ac-89fe-875350ec20b5,251
2442,A,14,1,0,14,e24f72f1-eaf4-5477-ae33-af295a572140,251
2443,A,15,1,0,14,d9f9b374-0df7-5691-b41f-49bb41089170,251
2444,A,16,1,0,14,5021d5ed-3ead-5453-99ff-918ef34c4026,251
2445,A,17,1,0,14,c2e7d99a-0d7e-5605-acdb-4087cb28bae2,2738
2446,B,1,0,0,14,,NULL
2447,B,2,0,0,14,,NULL
2448,B,3,0,0,14,,NULL
2449,B,4,0,0,14,,NULL
2450,B,5,0,0,14,,NULL
2451,B,6,0,0,14,,NULL
2452,B,7,1,0,14,1e03183e-5767-5600-a71a-dd44b1671bc4,246
2453,B,8,1,0,14,37e85e38-fa2e-5831-a28e-26f3daa16715,399
2454,B,9,1,0,14,1eb54082-b825-5e36-883b-474d82799146,2738
2455,B,10,0,0,14,,NULL
2456,B,11,0,0,14,,NULL
2457,B,12,1,0,14,f6e8449b-d660-5ed4-ad35-67fdc5117b28,2738
2458,B,13,1,0,14,11cd5669-4174-52e6-9735-96836b47f36c,2738
2459,B,14,0,0,14,,NULL
2460,B,15,0,0,14,,NULL
2461,B,16,0,0,14,,NULL
2462,B,17,0,0,14,,NULL
2463,B,18,0,0,14,,NULL
2464,B,19,0,0,14,,NULL
2465,B,20,0,0,14,,NULL
2466,B,21,0,0,14,,NULL
2467,B,22,0,0,14,,NULL
2468,B,23,0,0,14,,NULL
2469,C,1,0,0,14,,NULL
2470,C,2,0,0,14,,NULL
2471,C,3,0,0,14,,NULL
2472,C,4,0,0,14,,NULL
2473,C,5,0,0,14,,NULL
2474,C,6,0,0,14,,NULL
2475,C,7,1,0,14,75068e29-cea9-59c9-a6e0-aa8f9157a92b,2738
2476,C,8,1,0,14,c69bf412-6e3b-5870-aa87-ad51f1099469,2738
2477,C,9,1,0,14,689f0e5b-8954-510a-929e-4b71e1be646e,2738
2478,C,10,1,0,14,fd236dc2-8d50-523c-a197-a5fe3a67c9c7,2738
2479,C,11,1,0,14,eb125387-7c80-5f0d-a4d0-007d4455794a,2738
2480,C,12,1,0,14,ca8da2c0-c87c-546f-9963-69cf1d1b19ff,2738
2481,C,13,1,0,14,79a14186-2568-506c-a64f-932e64003aee,2738
2482,C,14,1,0,14,5fa6ae8b-f789-55ed-bfec-8e32aaa81d3b,2738
2483,C,15,1,0,14,8abca817-06fc-572e-ae1b-e485c11e07e5,2738
2484,C,16,1,0,14,b421cc8c-07f6-584c-9622-7ba279213b76,2738
2485,C,17,1,0,14,bf53e2e6-bf4a-5e9c-9365-6c5cba119a82,2738
2486,C,18,1,0,14,8b9053d0-3e5d-56bd-8224-f4e203c1441a,2738
2487,C,19,1,0,14,a1c50f4a-8063-58ee-a268-4128fc010b75,2738
2488,C,20,1,0,14,c6c169f1-c3f7-5d3e-8cfa-983826aba3e7,2738
2489,C,21,1,0,14,f70e9203-cd25-586f-92c2-04d310702be8,2738
2490,C,22,0,0,14,,NULL
2491,C,23,0,0,14,,NULL
2492,C,24,0,0,14,,NULL
2493,C,25,0,0,14,,NULL
2494,C,26,0,0,14,,NULL
2495,C,27,0,0,14,,NULL
2496,D,1,0,0,14,,NULL
2497,D,2,0,0,14,,NULL
2498,D,3,0,0,14,,NULL
2499,D,4,0,0,14,,NULL
2500,D,5,0,0,14,,NULL
2501,D,6,0,0,14,,NULL
2502,D,7,0,0,14,,NULL
2503,D,8,1,0,14,c079035a-a7d6-57ce-a2af-118ca8ff8bbb,2738
2504,D,9,1,0,14,89adf416-cb4f-53bf-b4fd-a2da1ab8a657,2738
2505,D,10,1,0,14,f1f3855e-7fa7-539f-92e2-0f2672ca9cb5,2738
2506,D,11,1,0,14,f1b1af1e-3433-50e3-9231-d8320f08aaf6,2738
2507,D,12,1,0,14,b99f37de-f9d3-54ed-a00a-83f8f8814654,2738
2508,D,13,1,0,14,91dc09e0-6d42-572f-8862-5e80cba3e5be,2738
2509,D,14,1,0,14,2ab11200-8fe0-5393-bb21-ec3454e681c0,2738
2510,D,15,1,0,14,b8c8bbcf-cc05-5cfe-9ca2-5990c2e45038,2738
2511,D,16,1,0,14,032c82c1-df3e-57a7-8941-f75bb9401216,2738
2512,D,17,1,0,14,1950efc0-55f5-534f-9ffa-82a0a8e3cc57,2738
2513,D,18,1,0,14,20ee84ea-f392-5db3-a7fe-62c525cb9a4d,2738
2514,D,19,1,0,14,78844609-ccea-5b20-8a74-0ab5fb3b5ca9,2738
2515,D,20,1,0,14,24ee5a96-0214-5e34-ac25-011063fc1691,2738
2516,D,21,1,0,14,ee0abdb3-b420-5333-a7a6-7edc3769a7d7,2738
2517,D,22,1,0,14,1c33a09a-b67d-53c1-9845-e8e3db4ac7a6,2738
2518,D,23,1,0,14,1863aa44-7fa2-5692-9112-483e7e6ee7b6,2738
2519,D,24,0,0,14,,NULL
2520,D,25,0,0,14,,NULL
2521,D,26,0,0,14,,NULL
2522,D,27,0,0,14,,NULL
2523,D,28,0,0,14,,NULL
2524,D,29,0,0,14,,NULL
2525,D,30,0,0,14,,NULL
2526,E,1,0,0,14,,NULL
2527,E,2,0,0,14,,NULL
2528,E,3,0,0,14,,NULL
2529,E,4,0,0,14,,NULL
2530,E,5,0,0,14,,NULL
2531,E,6,0,0,14,,NULL
2532,E,7,1,0,14,9915fd25-b9d9-5dac-9404-7b70018191f8,2738
2533,E,8,0,0,14,,NULL
2534,E,9,0,0,14,,NULL
2535,E,10,0,0,14,,NULL
2536,E,11,0,0,14,,NULL
2537,E,12,1,1,14,be822642-82db-561c-94a3-98c39e29baff,504
2538,E,13,0,0,14,,NULL
2539,E,14,1,0,14,1e976006-13d4-5ece-b531-c86288a92b6d,423
2540,E,15,1,1,14,1b7f796e-6695-5edf-a1ab-3b5eb31c77cb,116
2541,E,16,1,0,14,a01ad84e-d6d1-5d47-9653-3a216a88afe8,138
2542,E,17,1,0,14,9587b244-b282-5b04-bf94-cf27100d9751,110
2543,E,18,1,1,14,12164dc0-c259-5d39-a9c4-12cd963de7a5,2661
2544,E,19,1,1,14,a2817010-b051-5f18-8134-de2e9d9b7d0f,2661
2545,E,20,1,0,14,163a90d2-8bcb-59f7-86da-6b7c73d4d160,2738
2546,E,21,1,0,14,52718f37-5bd6-5538-a43d-00e12c157a9f,2738
2547,E,22,1,0,14,07e82769-6e18-5e17-ad51-b43dbcaf34b9,2738
2548,E,23,0,0,14,,NULL
2549,E,24,0,0,14,,NULL
2550,E,25,0,0,14,,NULL
2551,E,26,0,0,14,,NULL
2552,E,27,1,0,14,9dae84bf-5379-5a14-89ef-5e8332971d1f,2738
2553,E,28,1,0,14,76c6aa01-b8aa-55f0-aa11-47667a5d1226,2738
2554,F,7,1,1,14,59ff72e0-be0e-5e6b-9218-667e119c68c3,2598
2555,F,8,1,1,14,4bdfe581-eda0-54e6-a289-8aa1cab83fff,2598
2556,F,9,0,0,14,,NULL
2557,F,10,1,1,14,ff92c1e6-881b-5e45-826e-53ef04cd36f4,358
2558,F,11,1,1,14,25663134-2718-5c39-b069-54a3f7909283,454
2559,F,12,1,1,14,9c92c720-8f96-5844-bfc9-d4fc306e8491,339
2560,F,13,1,1,14,36f71fe5-034b-5d7f-8750-b1d020cd5752,105
2561,F,14,1,1,14,577fb84a-c47e-50e7-bdc3-782d0f622c45,178
2562,F,15,1,1,14,b0ef0727-bd38-549c-a0d5-4cb5bbfc6b64,330
2563,F,16,1,1,14,8c1fb324-69ac-550c-a88a-7565351e95b9,330
2564,F,17,1,0,14,e86d5caf-9f5b-5f89-9bf4-82b141fed34e,2582
2565,F,18,1,0,14,b0c2661a-34b0-5431-a665-801789f6471c,2582
2566,F,19,1,0,14,b2ea403c-df7e-5208-8588-ef555b3274a8,812
2567,F,20,1,0,14,7996bae5-d4c9-5d7f-970a-46dcc22d5f67,812
2568,G,1,0,0,14,,NULL
2569,G,2,0,0,14,,NULL
2570,G,3,1,0,14,16b03707-ef1b-507a-b00e-e24478ebcd37,2738
2571,G,4,1,0,14,dda8b837-726a-5049-98e2-de00cffdfc4d,2738
2572,G,5,1,0,14,bea63caf-9c7c-5e85-a2c2-7770bc630d6c,2738
2573,G,6,1,0,14,165df096-bb6a-5281-a513-6bc777bdcc00,2738
2574,G,7,1,0,14,bf00e737-c26b-5bd0-a52e-54a397da1375,243
2575,G,8,1,0,14,3673deff-5ed6-5b21-b15e-9cbe6e4dd9d4,2738
2576,G,9,1,0,14,0748c172-404d-5d9d-b7ec-b0b561d0bfff,2738
2577,G,10,1,1,14,69f15668-a0b9-5001-a2ea-79151e576370,300
2578,G,11,1,1,14,ca71bab4-f2a7-55e1-a1a6-94640a755d23,372
2579,G,12,1,1,14,f505b8c5-b8bd-526a-8492-d76d43a90ce5,15
2580,G,13,1,1,14,5ff08600-5a4d-5fb5-8d8e-318923ff2959,15
2581,G,14,1,1,14,a0027b59-1a14-5b60-ac75-bfb6fddb6cb6,15
2582,G,15,1,1,14,2d63fcb4-4060-5331-b98a-4a5f576408ee,269
2583,G,16,1,1,14,2b60a4e3-f1c0-5c23-917c-cdb54df54295,269
2584,G,17,1,1,14,67dda501-3b90-59ce-9cc6-deb1bae1c76c,269
2585,G,18,1,1,14,fec212c8-8bfd-55a9-9480-5931c0a28489,269
2586,G,19,1,1,14,963efdc9-7097-589d-b1a6-c849462f20da,269
2587,G,20,1,1,14,5a3c7467-5ee0-5ae3-a037-8010b6e3186d,269
2588,G,21,1,0,14,a21d9de2-7d31-552f-a2da-ec900b761edf,2530
2589,G,22,1,0,14,43efe5e2-4a9b-545c-aea7-571621f1e3fd,2530
2590,G,23,1,0,14,6e01f876-2de9-5a5b-bc58-0d9511d9333f,2530
2591,G,24,1,0,14,d1a27b1d-d53c-50b8-a2d7-b1f6f8869258,2530
2592,G,25,1,0,14,40261063-63bb-5b59-afd8-7d6fa875aa37,2530
2593,G,26,1,0,14,a5bccf8e-5d00-5a79-bc61-0c0f075bf9bf,2530
2594,H,1,0,0,14,,NULL
2595,H,2,0,0,14,,NULL
2596,H,3,0,0,14,,NULL
2597,H,4,0,0,14,,NULL
2598,H,5,0,0,14,,NULL
2599,H,6,0,0,14,,NULL
2600,H,7,0,0,14,,NULL
2601,H,8,1,0,14,f8050803-0517-58fa-beaf-76c79197bce6,205
2602,H,9,0,0,14,,NULL
2603,H,10,0,0,14,,NULL
2604,H,11,0,0,14,,NULL
2605,H,12,0,0,14,,NULL
2606,H,13,0,0,14,,NULL
2607,H,14,0,0,14,,NULL
2608,H,15,0,0,14,,NULL
2609,H,16,0,0,14,,NULL
2610,H,17,0,0,14,,NULL
2611,H,18,0,0,14,,NULL
2612,H,19,0,0,14,,NULL
2613,H,20,0,0,14,,NULL
2614,H,21,1,1,14,016e405a-55c5-5844-b63f-4903f0847d1f,269
2615,H,22,1,1,14,64dff6f0-38c0-5dba-91e6-2fcc31d14786,269
2616,H,23,1,0,14,3943aa6f-0475-50b9-a831-564dfc851298,2530
2617,H,24,1,0,14,0e461e92-d283-5277-b967-bb4c37365b07,2530
2618,H,25,1,0,14,b71a5d78-cfe3-5eab-8040-b0b413363a5b,2530
2619,H,26,1,0,14,46837fbc-2542-5809-9de2-bac5ccd404c8,2530
2620,H,27,1,0,14,5e20f169-cad9-55f8-a597-7550624d44b1,2530
2621,H,28,1,0,14,e039cfb0-a1b6-5c7f-b583-54770a05392d,2530
2622,H,29,1,0,14,7ef16068-9456-58ad-96df-9bdd315493cf,2530
2623,I,1,0,0,14,,NULL
2624,I,2,0,0,14,,NULL
2625,I,3,0,0,14,,NULL
2626,I,4,0,0,14,,NULL
2627,I,5,0,0,14,,NULL
2628,I,6,0,0,14,,NULL
2629,I,7,0,0,14,,NULL
2630,I,8,1,1,14,8770fe34-11df-5b06-8fd6-cfd83baaca90,2574
2631,I,9,1,1,14,b7f7e8a4-9f86-5460-b6e3-1e4ee7e00e9b,2574
2632,I,10,1,1,14,72ad8580-dfb1-5635-ab03-b969ba424ae2,2574
2633,I,11,1,1,14,2fe1346d-e1f3-5cc7-add9-8be8dc337907,2574
2634,I,12,0,0,14,,NULL
2635,I,13,0,0,14,,NULL
2636,I,14,1,0,14,c8290b2e-8a6b-5883-ab9a-d2c4760fe8d0,330
2637,I,15,1,1,14,981c3a00-aef7-5a8e-b127-cd9c5739373b,330
2638,I,16,1,1,14,bb663546-f0ae-5adb-a235-eae916731e28,385
2639,I,17,0,0,14,,NULL
2640,I,18,0,0,14,,NULL
2641,I,19,0,0,14,,NULL
2642,I,20,0,0,14,,NULL
2643,I,21,1,0,14,c81c0513-6c27-57a1-ba39-e08c8017e7c0,2738
2644,I,22,1,0,14,99e9d6b7-4294-5824-a91a-6f630e832c79,123
2645,I,23,1,0,14,2f2637a8-698d-5062-ace7-dc3a28cfb8c8,2530
2646,I,24,1,0,14,60c7d9a5-3742-5d11-b7e8-b47323d7ff5c,2530
2647,I,25,1,0,14,97e8631f-145e-5e9e-ac0d-e8dad2f6a421,2530
2648,I,26,1,0,14,ba00dd27-4292-583d-a828-70541c104200,2530
2649,I,27,1,0,14,e85a2def-1e16-5c52-aee5-17347a2d1377,2530
2650,I,28,1,0,14,1fa6052e-d1ba-5c38-b6bf-fcf7cd8229e8,2530
2651,I,29,1,0,14,2158f9bb-cc85-5a61-bf72-8d86c7e70bc3,2530
2652,J,1,0,0,14,,NULL
2653,J,2,0,0,14,,NULL
2654,J,3,0,0,14,,NULL
2655,J,4,0,0,14,,NULL
2656,J,5,0,0,14,,NULL
2657,J,6,0,0,14,,NULL
2658,J,7,0,0,14,,NULL
2659,J,8,0,0,14,,NULL
2660,J,9,0,0,14,,NULL
2661,J,10,0,0,14,,NULL
2662,J,11,0,0,14,,NULL
2663,J,12,0,0,14,,NULL
2664,J,13,0,0,14,,NULL
2665,J,14,0,0,14,,NULL
2666,J,15,1,1,14,cd89a870-8da8-5f17-8bc3-b016420aff90,359
2667,J,16,0,0,14,,NULL
2668,J,17,1,1,14,d17059c4-9430-5d9c-a871-a203bf129dea,415
2669,J,18,1,1,14,49d5a794-48da-552b-9cf3-f50c43b8f9f2,415
2670,J,19,0,0,14,,NULL
2671,J,20,0,0,14,,NULL
2672,J,21,0,0,14,,NULL
2673,J,22,0,0,14,,NULL
2674,J,23,1,0,14,c7263daf-00ce-540d-baf7-b58eddc2e7f9,2530
2675,J,24,1,0,14,2c32af15-2ec8-5c50-8769-67c8c53a5157,2530
2676,J,25,1,0,14,6be61938-fdba-52e4-922f-ed8213ecba19,2530
2677,J,26,1,0,14,973de2eb-3bcb-5259-8f5f-03ff81bbf42e,2530
2678,J,27,1,0,14,bb22221b-991a-59de-ac21-e5a82a108110,2530
2679,J,28,1,0,14,72a7807b-f9cd-5ab9-ab1a-832e8a57537f,2530
2680,K,1,0,0,14,,NULL
2681,K,2,0,0,14,,NULL
2682,K,3,0,0,14,,NULL
2683,K,4,0,0,14,,NULL
2684,K,5,0,0,14,,NULL
2685,K,6,0,0,14,,NULL
2686,K,7,1,1,14,ce73bca7-4858-523e-b8c5-5c9457cbec7e,417
2687,K,8,1,0,14,f3d69437-d39e-51a8-b873-30b912a0d974,693
2688,K,9,1,1,14,e01cd189-ac66-5ea4-b33e-4a01ae89069f,112
2689,K,10,1,1,14,5fab681e-096b-521a-ad30-f62d4e6cc3bd,647
2690,K,11,0,0,14,,NULL
2691,K,12,0,0,14,,NULL
2692,K,13,0,0,14,,NULL
2693,K,14,0,0,14,,NULL
2694,K,15,1,0,14,448fcba6-7bf1-5753-a12d-f63e21d217f9,483
2695,K,16,1,1,14,0a74d9bd-1430-5671-9e5a-34c5e787fede,99
2696,K,17,1,0,14,b483538d-28dd-5dde-bf82-dc1f6b55c480,320
2697,K,18,1,1,14,168ebba0-e36a-5adc-93c3-3037d8759d54,365
2698,K,19,0,0,14,,NULL
2699,K,20,1,1,14,bd490098-3c36-5897-a642-69f32eacd23b,416
2700,K,21,1,1,14,7be65818-5132-5204-b263-8236b04273c7,249
2701,K,22,0,0,14,,NULL
2702,K,23,1,0,14,65656945-1034-5d25-a4a8-d8c7a693da67,2530
2703,K,24,1,0,14,d089e45d-48c9-5e22-bf6b-b93ae5cb819b,2530
2704,K,25,1,0,14,1030f4c8-120a-5eac-aa43-9546f7998af0,2530
2705,K,26,1,0,14,0386e56b-734f-57fd-a3f3-63d471548db0,2530
2706,K,27,1,0,14,9d78fdd6-baf9-5fdc-998b-9aa0d03191fe,2530
2707,K,28,1,0,14,6cc73577-2512-5f95-bcf1-8490bf4a571e,2530
2708,L,1,0,0,14,,NULL
2709,L,2,0,0,14,,NULL
2710,L,3,0,0,14,,NULL
2711,L,4,0,0,14,,NULL
2712,L,5,0,0,14,,NULL
2713,L,6,0,0,14,,NULL
2714,L,7,0,0,14,,NULL
2715,L,8,0,0,14,,NULL
2716,L,9,0,0,14,,NULL
2717,L,10,0,0,14,,NULL
2718,L,11,0,0,14,,NULL
2719,L,12,0,0,14,,NULL
2720,L,13,0,0,14,,NULL
2721,L,14,1,0,14,eac40915-8e98-54d6-b1b9-b640e2d0bef6,102
2722,L,15,1,0,14,c814cb18-cb4e-555b-9688-91bc5778fa8f,102
2723,L,16,1,0,14,bf933ba3-aa31-5c9e-b91f-17f8822bdcd9,102
2724,L,17,0,0,14,,NULL
2725,L,18,0,0,14,,NULL
2726,L,19,0,0,14,,NULL
2727,L,20,0,0,14,,NULL
2728,L,21,0,0,14,,NULL
2729,L,22,0,0,14,,NULL
2730,L,23,1,0,14,d0f9aea8-9553-5c25-bbfa-8d2558ed53d6,2530
2731,L,24,1,0,14,cc304de9-02f4-58df-815d-a2e0505e2e35,2530
2732,L,25,1,0,14,8fed948a-d263-56c6-aabd-d5e39089d36b,2530
2733,L,26,1,0,14,3d32cda3-9274-56e3-9600-bbe6699f7cdd,2530
2734,L,27,1,0,14,321a6bfc-00bb-53e2-89a8-66f6dc229881,2530
2735,L,28,1,0,14,ec58cc88-58bb-5fa3-ab26-4c488a6efb3d,2530
2736,M,1,0,0,14,,NULL
2737,M,2,0,0,14,,NULL
2738,M,3,0,0,14,NULL,NULL
2739,M,4,0,0,14,,NULL
2740,M,5,0,0,14,,NULL
2741,M,6,0,0,14,,NULL
2742,M,7,1,0,14,b7b5373e-9a4c-5ab2-9738-c8363b4f82b2,2738
2743,M,8,1,0,14,d7148c54-e04d-5d43-a4a0-39b0d5eee98f,2738
2744,M,9,1,0,14,aeddd3dd-8533-5ab7-a379-5e98724107aa,2738
2745,M,10,1,0,14,0e98173a-b142-5bd6-b296-b38cebb0442b,2738
2746,M,11,0,0,14,,NULL
2747,M,12,0,0,14,,NULL
2748,M,13,0,0,14,,NULL
2749,M,14,0,0,14,,NULL
2750,M,15,0,0,14,,NULL
2751,M,16,0,0,14,,NULL
2752,M,17,0,0,14,,NULL
2753,M,18,0,0,14,,NULL
2754,M,19,0,0,14,,NULL
2755,M,20,0,0,14,,NULL
2756,M,21,0,0,14,,NULL
2757,M,22,0,0,14,,NULL
2758,M,23,1,0,14,8b197ad7-bda1-5b33-a387-a80a3fab196b,2530
2759,M,24,1,0,14,fefb530f-45df-5f30-a2b8-416781d440c5,2530
2760,M,25,1,0,14,11e411e0-f482-59bf-bf0f-25db25c7f17d,2530
2761,M,26,1,0,14,4acac7c5-e0dd-5e1e-8586-67ba2607c419,2530
2762,M,27,1,0,14,e1227715-f19f-52c2-8570-0c5b79dfaabc,2530
2763,M,28,1,0,14,e206d824-37f0-5df2-9ebc-cdaafce9a4e7,2530
2764,N,1,0,0,14,,NULL
2765,N,2,0,0,14,,NULL
2766,N,3,0,0,14,,NULL
2767,N,4,0,0,14,,NULL
2768,N,5,0,0,14,,NULL
2769,N,6,0,0,14,,NULL
2770,N,23,1,0,14,4707cb0e-98b5-513b-9193-4a273f29713a,2530
2771,N,24,0,0,14,NULL,NULL
2772,N,25,1,0,14,e465a010-4014-5ed3-bd69-0765f7ea53e9,2530
2773,N,26,1,0,14,3e0cb768-b362-5f77-b16c-5334b37004bd,2530
2774,N,27,0,0,14,NULL,NULL
2775,N,28,0,0,14,NULL,NULL
